<?xml version="1.0" encoding="UTF-8"?>

<!-- generated on 2023-11-19 22:45:17 by Eclipse SUMO netedit Version 1.18.0
<configuration xmlns:xsi="http://www.w3.org/2001/XMLSchema-instance" xsi:noNamespaceSchemaLocation="http://sumo.dlr.de/xsd/neteditConfiguration.xsd">

    <input>
        <sumocfg-file value="D:\博士程序开发\图表征相关\Graph_Features\Env_Scenario\Belt_Merging.sumocfg"/>
        <additional-files value=""/>
        <route-files value="D:\博士程序开发\图表征相关\Graph_Features\Env_Scenario\Belt_Merging.rou.xml"/>
        <sumo-net-file value="D:\博士程序开发\图表征相关\Graph_Features\Env_Scenario\Belt_Merging.net.xml"/>
    </input>

    <output>
        <output-file value="D:\博士程序开发\图表征相关\Graph_Features\Env_Scenario\Belt_Merging.net.xml"/>
    </output>

    <processing>
        <geometry.min-radius.fix.railways value="false"/>
        <geometry.max-grade.fix value="false"/>
        <offset.disable-normalization value="true"/>
        <lefthand value="0"/>
    </processing>

    <junctions>
        <no-turnarounds value="true"/>
        <junctions.corner-detail value="5"/>
        <junctions.limit-turn-speed value="5.50"/>
        <rectangular-lane-cut value="0"/>
    </junctions>

    <pedestrian>
        <walkingareas value="0"/>
    </pedestrian>

</configuration>
-->

<net version="1.16" junctionCornerDetail="5" limitTurnSpeed="5.50" xmlns:xsi="http://www.w3.org/2001/XMLSchema-instance" xsi:noNamespaceSchemaLocation="http://sumo.dlr.de/xsd/net_file.xsd">

    <location netOffset="0.00,0.00" convBoundary="0.00,0.00,200.00,0.00" origBoundary="-10000000000.00,-10000000000.00,10000000000.00,10000000000.00" projParameter="!"/>

    <edge id=":J1_0" function="internal">
        <lane id=":J1_0_0" index="0" speed="30.00" length="20.00" shape="90.00,-4.80 110.00,-4.80"/>
        <lane id=":J1_0_1" index="1" speed="30.00" length="20.00" shape="90.00,-1.60 110.00,-1.60"/>
    </edge>

    <edge id="E0" from="J0" to="J1" priority="-1">
        <lane id="E0_0" index="0" speed="30.00" length="90.00" shape="0.00,-8.00 90.00,-8.00"/>
        <lane id="E0_1" index="1" speed="30.00" length="90.00" shape="0.00,-4.80 90.00,-4.80"/>
        <lane id="E0_2" index="2" speed="30.00" length="90.00" shape="0.00,-1.60 90.00,-1.60"/>
    </edge>
    <edge id="E1" from="J1" to="J3" priority="-1">
        <lane id="E1_0" index="0" speed="30.00" length="90.00" shape="110.00,-4.80 200.00,-4.80"/>
        <lane id="E1_1" index="1" speed="30.00" length="90.00" shape="110.00,-1.60 200.00,-1.60"/>
    </edge>

    <junction id="J0" type="dead_end" x="0.00" y="0.00" incLanes="" intLanes="" shape="0.00,0.00 0.00,-9.60"/>
    <junction id="J1" type="unregulated" x="100.00" y="0.00" incLanes="E0_0 E0_1 E0_2" intLanes=":J1_0_0 :J1_0_1" shape="110.00,0.00 110.00,-6.40 105.71,-6.64 102.56,-7.23 97.44,-8.77 94.29,-9.36 90.00,-9.60 90.00,0.00" radius="10.00"/>
    <junction id="J3" type="dead_end" x="200.00" y="0.00" incLanes="E1_0 E1_1" intLanes="" shape="200.00,-6.40 200.00,0.00"/>

    <connection from="E0" to="E1" fromLane="1" toLane="0" via=":J1_0_0" dir="s" state="M"/>
    <connection from="E0" to="E1" fromLane="2" toLane="1" via=":J1_0_1" dir="s" state="M"/>

    <connection from=":J1_0" to="E1" fromLane="0" toLane="0" dir="s" state="M"/>
    <connection from=":J1_0" to="E1" fromLane="1" toLane="1" dir="s" state="M"/>

</net>
