<?xml version="1.0" encoding="UTF-8"?>

<!-- generated on 2024-01-20 20:21:54 by Eclipse SUMO netedit Version 1.18.0
<configuration xmlns:xsi="http://www.w3.org/2001/XMLSchema-instance" xsi:noNamespaceSchemaLocation="http://sumo.dlr.de/xsd/neteditConfiguration.xsd">

    <input>
        <sumocfg-file value="D:\博士程序开发\图神经网络改进\GNN_Research\Env_Scenario\Highway_Merging.sumocfg"/>
        <additional-files value=""/>
        <route-files value="D:\博士程序开发\图神经网络改进\GNN_Research\Env_Scenario\Highway_Merging.rou.xml"/>
        <sumo-net-file value="D:\博士程序开发\图神经网络改进\GNN_Research\Env_Scenario\Highway_Merging.net.xml"/>
    </input>

    <output>
        <output-file value="D:\博士程序开发\图神经网络改进\GNN_Research\Env_Scenario\Highway_Merging.net.xml"/>
    </output>

    <processing>
        <geometry.min-radius.fix.railways value="false"/>
        <geometry.max-grade.fix value="false"/>
        <offset.disable-normalization value="true"/>
        <lefthand value="0"/>
    </processing>

    <junctions>
        <no-turnarounds value="true"/>
        <junctions.corner-detail value="5"/>
        <junctions.limit-turn-speed value="5.50"/>
        <rectangular-lane-cut value="0"/>
    </junctions>

    <pedestrian>
        <walkingareas value="0"/>
    </pedestrian>

</configuration>
-->

<net version="1.16" junctionCornerDetail="5" limitTurnSpeed="5.50" xmlns:xsi="http://www.w3.org/2001/XMLSchema-instance" xsi:noNamespaceSchemaLocation="http://sumo.dlr.de/xsd/net_file.xsd">

    <location netOffset="0.00,0.00" convBoundary="0.00,-25.66,280.00,0.00" origBoundary="-10000000000.00,-10000000000.00,10000000000.00,10000000000.00" projParameter="!"/>

    <edge id=":J2_0" function="internal">
        <lane id=":J2_0_0" index="0" speed="13.89" length="20.93" shape="75.63,-8.46 79.46,-7.82 83.96,-7.73 89.51,-7.88 96.50,-8.00"/>
    </edge>
    <edge id=":J2_1" function="internal">
        <lane id=":J2_1_0" index="0" speed="13.89" length="21.10" shape="75.31,-4.80 96.50,-4.80"/>
        <lane id=":J2_1_1" index="1" speed="13.89" length="21.10" shape="75.48,-1.60 96.50,-1.60"/>
    </edge>
    <edge id=":J3_0" function="internal">
        <lane id=":J3_0_0" index="0" speed="13.89" length="8.00" shape="176.00,-4.80 184.00,-4.80"/>
        <lane id=":J3_0_1" index="1" speed="13.89" length="8.00" shape="176.00,-1.60 184.00,-1.60"/>
    </edge>

    <edge id="E0" from="J5" to="J2" priority="-1">
        <lane id="E0_0" index="0" speed="13.89" length="69.71" shape="8.49,-27.20 75.63,-8.46"/>
    </edge>
    <edge id="E1" from="J2" to="J3" priority="-1" spreadType="roadCenter">
        <lane id="E1_0" index="0" speed="13.89" length="79.50" shape="96.50,-8.00 176.00,-8.00"/>
        <lane id="E1_1" index="1" speed="13.89" length="79.50" shape="96.50,-4.80 176.00,-4.80"/>
        <lane id="E1_2" index="2" speed="13.89" length="79.50" shape="96.50,-1.60 176.00,-1.60"/>
    </edge>
    <edge id="E2" from="J0" to="J2" priority="-1" spreadType="roadCenter">
        <lane id="E2_0" index="0" speed="13.89" length="75.40" shape="0.00,-4.80 75.31,-4.80"/>
        <lane id="E2_1" index="1" speed="13.89" length="75.40" shape="0.00,-1.60 75.48,-1.60"/>
    </edge>
    <edge id="E3" from="J3" to="J4" priority="-1" spreadType="roadCenter">
        <lane id="E3_0" index="0" speed="13.89" length="96.00" shape="184.00,-4.80 280.00,-4.80"/>
        <lane id="E3_1" index="1" speed="13.89" length="96.00" shape="184.00,-1.60 280.00,-1.60"/>
    </edge>

    <junction id="J0" type="dead_end" x="0.00" y="0.00" incLanes="" intLanes="" shape="0.00,0.00 0.00,-6.40"/>
    <junction id="J2" type="priority" x="100.00" y="0.00" incLanes="E0_0 E2_0 E2_1" intLanes=":J2_0_0 :J2_1_0 :J2_1_1" shape="96.50,0.00 96.50,-9.60 92.12,-9.44 88.92,-9.60 86.00,-9.60 83.46,-9.58 80.14,-9.63 76.06,-10.00 75.20,-6.92 75.57,0.00" customShape="1">
        <request index="0" response="000" foes="000" cont="0"/>
        <request index="1" response="000" foes="000" cont="0"/>
        <request index="2" response="000" foes="000" cont="0"/>
    </junction>
    <junction id="J3" type="priority" x="180.00" y="0.00" incLanes="E1_0 E1_1 E1_2" intLanes=":J3_0_0 :J3_0_1" shape="184.00,0.00 184.00,-6.40 180.97,-7.23 179.03,-8.77 177.79,-9.36 176.00,-9.60 176.00,0.00">
        <request index="0" response="00" foes="00" cont="0"/>
        <request index="1" response="00" foes="00" cont="0"/>
    </junction>
    <junction id="J4" type="dead_end" x="280.00" y="0.00" incLanes="E3_0 E3_1" intLanes="" shape="280.00,-6.40 280.00,0.00"/>
    <junction id="J5" type="dead_end" x="8.06" y="-25.66" incLanes="" intLanes="" shape="8.06,-25.66 8.92,-28.74"/>

    <connection from="E0" to="E1" fromLane="0" toLane="0" via=":J2_0_0" dir="s" state="M"/>
    <connection from="E1" to="E3" fromLane="1" toLane="0" via=":J3_0_0" dir="s" state="M"/>
    <connection from="E1" to="E3" fromLane="2" toLane="1" via=":J3_0_1" dir="s" state="M"/>
    <connection from="E2" to="E1" fromLane="0" toLane="1" via=":J2_1_0" dir="s" state="M"/>
    <connection from="E2" to="E1" fromLane="1" toLane="2" via=":J2_1_1" dir="s" state="M"/>

    <connection from=":J2_0" to="E1" fromLane="0" toLane="0" dir="s" state="M"/>
    <connection from=":J2_1" to="E1" fromLane="0" toLane="1" dir="s" state="M"/>
    <connection from=":J2_1" to="E1" fromLane="1" toLane="2" dir="s" state="M"/>
    <connection from=":J3_0" to="E3" fromLane="0" toLane="0" dir="s" state="M"/>
    <connection from=":J3_0" to="E3" fromLane="1" toLane="1" dir="s" state="M"/>

</net>
