<?xml version="1.0" encoding="UTF-8"?>

<!-- generated on 2025-02-03 23:37:14 by Eclipse SUMO netedit Version 1.21.0
<neteditConfiguration xmlns:xsi="http://www.w3.org/2001/XMLSchema-instance" xsi:noNamespaceSchemaLocation="http://sumo.dlr.de/xsd/neteditConfiguration.xsd">

    <input>
        <sumocfg-file value="D:\博士程序开发\DRL改进\DRL_Research_Modified\Env_Scenario\Highway.sumocfg"/>
        <additional-files value="D:\博士程序开发\DRL改进\DRL_Research_Modified\Env_Scenario\Highway.add.xml"/>
        <route-files value="D:\博士程序开发\DRL改进\DRL_Research_Modified\Env_Scenario\Highway.rou.xml"/>
        <sumo-net-file value="D:\博士程序开发\DRL改进\DRL_Research_Modified\Env_Scenario\Highway.net.xml"/>
    </input>

    <output>
        <output-file value="D:\博士程序开发\DRL改进\DRL_Research_Modified\Env_Scenario\Highway.net.xml"/>
    </output>

    <processing>
        <geometry.min-radius.fix.railways value="false"/>
        <geometry.max-grade.fix value="false"/>
        <offset.disable-normalization value="true"/>
        <lefthand value="0"/>
    </processing>

    <junctions>
        <no-internal-links value="true"/>
        <no-turnarounds value="true"/>
        <junctions.corner-detail value="5"/>
        <junctions.limit-turn-speed value="5.50"/>
        <rectangular-lane-cut value="0"/>
    </junctions>

    <pedestrian>
        <walkingareas value="0"/>
    </pedestrian>

</neteditConfiguration>
-->

<net version="1.20" junctionCornerDetail="5" limitTurnSpeed="5.50" xmlns:xsi="http://www.w3.org/2001/XMLSchema-instance" xsi:noNamespaceSchemaLocation="http://sumo.dlr.de/xsd/net_file.xsd">

    <location netOffset="0.00,0.00" convBoundary="0.00,0.00,500.00,0.00" origBoundary="-10000000000.00,-10000000000.00,10000000000.00,10000000000.00" projParameter="!"/>

    <edge id="E0" from="J0" to="J`" priority="-1">
        <lane id="E0_0" index="0" speed="30.00" length="500.00" shape="0.00,-8.00 500.00,-8.00"/>
        <lane id="E0_1" index="1" speed="30.00" length="500.00" shape="0.00,-4.80 500.00,-4.80"/>
        <lane id="E0_2" index="2" speed="30.00" length="500.00" shape="0.00,-1.60 500.00,-1.60"/>
    </edge>

    <junction id="J0" type="dead_end" x="0.00" y="0.00" incLanes="" intLanes="" shape="0.00,0.00 0.00,-9.60"/>
    <junction id="J`" type="dead_end" x="500.00" y="0.00" incLanes="E0_0 E0_1 E0_2" intLanes="" shape="500.00,-9.60 500.00,0.00"/>

</net>
