<?xml version="1.0" encoding="UTF-8"?>

<!-- generated on 2024-09-01 22:09:39 by Eclipse SUMO netedit Version 1.18.0
-->

<routes xmlns:xsi="http://www.w3.org/2001/XMLSchema-instance" xsi:noNamespaceSchemaLocation="http://sumo.dlr.de/xsd/routes_file.xsd">
    <!-- VTypes -->
    <vType id="CAV" maxSpeed="20.00" maxSpeedLat="3.0" lcAccelLat="3.0" latAlignment="center"/>
    <vType id="HV" maxSpeed="20.00" carFollowModel="IDM"/>
    <!-- Vehicles, persons and containers (sorted by depart) -->
    <flow id="CAV" type="CAV" begin="0.00" departLane="1" departSpeed="10.00" end="5.00" number="6">
        <route edges="E0 E1"/>
    </flow>
    <flow id="HV" type="HV" begin="0.00" departLane="random" departSpeed="10.00" arrivalLane="random" color="white" end="8.00" number="12">
        <route edges="E0 E2"/>
    </flow>
</routes>
