<?xml version="1.0" encoding="UTF-8"?>

<!-- generated on 2024-09-01 22:09:39 by Eclipse SUMO netedit Version 1.18.0
<configuration xmlns:xsi="http://www.w3.org/2001/XMLSchema-instance" xsi:noNamespaceSchemaLocation="http://sumo.dlr.de/xsd/neteditConfiguration.xsd">

    <input>
        <sumocfg-file value="D:\博士程序开发\DRL改进\DRL_Research\Env_Scenario\Highway_Ramping.sumocfg"/>
        <additional-files value=""/>
        <route-files value="D:\博士程序开发\DRL改进\DRL_Research\Env_Scenario\Highway_Ramping.rou.xml"/>
        <sumo-net-file value="D:\博士程序开发\DRL改进\DRL_Research\Env_Scenario\Highway_Ramping.net.xml"/>
    </input>

    <output>
        <output-file value="D:\博士程序开发\DRL改进\DRL_Research\Env_Scenario\Highway_Ramping.net.xml"/>
    </output>

    <processing>
        <geometry.min-radius.fix.railways value="false"/>
        <geometry.max-grade.fix value="false"/>
        <offset.disable-normalization value="true"/>
        <lefthand value="0"/>
    </processing>

    <junctions>
        <no-turnarounds value="true"/>
        <junctions.corner-detail value="5"/>
        <junctions.limit-turn-speed value="5.50"/>
        <rectangular-lane-cut value="0"/>
    </junctions>

    <pedestrian>
        <walkingareas value="0"/>
    </pedestrian>

</configuration>
-->

<net version="1.16" junctionCornerDetail="5" limitTurnSpeed="5.50" xmlns:xsi="http://www.w3.org/2001/XMLSchema-instance" xsi:noNamespaceSchemaLocation="http://sumo.dlr.de/xsd/net_file.xsd">

    <location netOffset="0.00,0.00" convBoundary="0.00,-29.05,280.00,0.00" origBoundary="-10000000000.00,-10000000000.00,10000000000.00,10000000000.00" projParameter="!"/>

    <edge id=":J3_0" function="internal">
        <lane id=":J3_0_0" index="0" speed="13.89" length="18.05" shape="185.03,-4.80 190.85,-5.26 195.29,-6.40 198.93,-7.83 202.39,-9.19"/>
    </edge>
    <edge id=":J3_1" function="internal">
        <lane id=":J3_1_0" index="0" speed="13.89" length="18.07" shape="185.03,-4.80 203.10,-4.80"/>
        <lane id=":J3_1_1" index="1" speed="13.89" length="18.07" shape="185.03,-1.60 203.10,-1.60"/>
    </edge>

    <edge id="E0" from="J0" to="J3" priority="-1">
        <lane id="E0_0" index="0" speed="13.89" length="185.03" shape="0.00,-4.80 185.03,-4.80"/>
        <lane id="E0_1" index="1" speed="13.89" length="185.03" shape="0.00,-1.60 185.03,-1.60"/>
    </edge>
    <edge id="E1" from="J3" to="J1" priority="-1" spreadType="roadCenter">
        <lane id="E1_0" index="0" speed="13.89" length="67.29" shape="202.39,-9.19 266.19,-30.57"/>
    </edge>
    <edge id="E2" from="J3" to="J4" priority="-1">
        <lane id="E2_0" index="0" speed="13.89" length="76.90" shape="203.10,-4.80 280.00,-4.80"/>
        <lane id="E2_1" index="1" speed="13.89" length="76.90" shape="203.10,-1.60 280.00,-1.60"/>
    </edge>

    <junction id="J0" type="dead_end" x="0.00" y="0.00" incLanes="" intLanes="" shape="0.00,0.00 0.00,-6.40"/>
    <junction id="J1" type="dead_end" x="266.70" y="-29.05" incLanes="E1_0" intLanes="" shape="265.68,-32.08 266.70,-29.05"/>
    <junction id="J3" type="priority" x="180.00" y="0.00" incLanes="E0_0 E0_1" intLanes=":J3_0_0 :J3_1_0 :J3_1_1" shape="203.10,0.00 203.10,-6.40 202.89,-7.67 201.88,-10.71 198.37,-9.43 195.78,-8.36 193.62,-7.52 191.43,-6.90 188.72,-6.53 185.03,-6.40 185.03,0.00" customShape="1">
        <request index="0" response="000" foes="000" cont="0"/>
        <request index="1" response="000" foes="000" cont="0"/>
        <request index="2" response="000" foes="000" cont="0"/>
    </junction>
    <junction id="J4" type="dead_end" x="280.00" y="0.00" incLanes="E2_0 E2_1" intLanes="" shape="280.00,-6.40 280.00,0.00"/>

    <connection from="E0" to="E1" fromLane="0" toLane="0" via=":J3_0_0" dir="R" state="M"/>
    <connection from="E0" to="E2" fromLane="0" toLane="0" via=":J3_1_0" dir="s" state="M"/>
    <connection from="E0" to="E2" fromLane="1" toLane="1" via=":J3_1_1" dir="s" state="M"/>

    <connection from=":J3_0" to="E1" fromLane="0" toLane="0" dir="R" state="M"/>
    <connection from=":J3_1" to="E2" fromLane="0" toLane="0" dir="s" state="M"/>
    <connection from=":J3_1" to="E2" fromLane="1" toLane="1" dir="s" state="M"/>

</net>
