<?xml version="1.0" encoding="UTF-8"?>

<!-- generated on 2025-03-30 17:59:56 by Eclipse SUMO netedit Version 1.22.0
<neteditConfiguration xmlns:xsi="http://www.w3.org/2001/XMLSchema-instance" xsi:noNamespaceSchemaLocation="http://sumo.dlr.de/xsd/neteditConfiguration.xsd">

    <input>
        <sumocfg-file value="/Users/liuqi/Desktop/博士程序开发/GRL_Sim/Env_Scenario/Intersection.sumocfg"/>
        <additional-files value="/Users/liuqi/Desktop/博士程序开发/GRL_Sim/Env_Scenario/Intersection.add.xml"/>
        <route-files value="/Users/liuqi/Desktop/博士程序开发/GRL_Sim/Env_Scenario/Intersection.rou.xml"/>
        <sumo-net-file value="/Users/liuqi/Desktop/博士程序开发/GRL_Sim/Env_Scenario/Intersection.net.xml"/>
    </input>

    <output>
        <output-file value="/Users/liuqi/Desktop/博士程序开发/GRL_Sim/Env_Scenario/Intersection.net.xml"/>
    </output>

    <processing>
        <geometry.min-radius.fix.railways value="false"/>
        <geometry.max-grade.fix value="false"/>
        <offset.disable-normalization value="true"/>
        <lefthand value="0"/>
    </processing>

    <junctions>
        <no-turnarounds value="true"/>
        <junctions.corner-detail value="5"/>
        <junctions.limit-turn-speed value="5.50"/>
        <rectangular-lane-cut value="0"/>
    </junctions>

    <pedestrian>
        <walkingareas value="0"/>
    </pedestrian>

</neteditConfiguration>
-->

<net version="1.20" junctionCornerDetail="5" limitTurnSpeed="5.50" xmlns:xsi="http://www.w3.org/2001/XMLSchema-instance" xsi:noNamespaceSchemaLocation="http://sumo.dlr.de/xsd/net_file.xsd">

    <location netOffset="0.00,0.00" convBoundary="-80.00,-80.00,80.00,80.00" origBoundary="-10000000000.00,-10000000000.00,10000000000.00,10000000000.00" projParameter="!"/>

    <edge id=":J1_0" function="internal">
        <lane id=":J1_0_0" index="0" speed="6.51" length="9.03" shape="-4.80,10.40 -5.15,7.95 -6.20,6.20 -7.95,5.15 -10.40,4.80"/>
    </edge>
    <edge id=":J1_1" function="internal">
        <lane id=":J1_1_0" index="0" speed="25.00" length="20.80" shape="-4.80,10.40 -4.80,-10.40"/>
        <lane id=":J1_1_1" index="1" speed="25.00" length="20.80" shape="-1.60,10.40 -1.60,-10.40"/>
    </edge>
    <edge id=":J1_3" function="internal">
        <lane id=":J1_3_0" index="0" speed="9.26" length="19.35" shape="-1.60,10.40 -0.85,5.15 1.40,1.40 5.15,-0.85 10.40,-1.60"/>
    </edge>
    <edge id=":J1_4" function="internal">
        <lane id=":J1_4_0" index="0" speed="6.51" length="9.03" shape="10.40,4.80 7.95,5.15 6.20,6.20 5.15,7.95 4.80,10.40"/>
    </edge>
    <edge id=":J1_5" function="internal">
        <lane id=":J1_5_0" index="0" speed="25.00" length="20.80" shape="10.40,4.80 -10.40,4.80"/>
        <lane id=":J1_5_1" index="1" speed="25.00" length="20.80" shape="10.40,1.60 -10.40,1.60"/>
    </edge>
    <edge id=":J1_7" function="internal">
        <lane id=":J1_7_0" index="0" speed="9.26" length="19.35" shape="10.40,1.60 5.15,0.85 1.40,-1.40 -0.85,-5.15 -1.60,-10.40"/>
    </edge>
    <edge id=":J1_8" function="internal">
        <lane id=":J1_8_0" index="0" speed="6.51" length="9.03" shape="4.80,-10.40 5.15,-7.95 6.20,-6.20 7.95,-5.15 10.40,-4.80"/>
    </edge>
    <edge id=":J1_9" function="internal">
        <lane id=":J1_9_0" index="0" speed="25.00" length="20.80" shape="4.80,-10.40 4.80,10.40"/>
        <lane id=":J1_9_1" index="1" speed="25.00" length="20.80" shape="1.60,-10.40 1.60,10.40"/>
    </edge>
    <edge id=":J1_11" function="internal">
        <lane id=":J1_11_0" index="0" speed="9.26" length="19.35" shape="1.60,-10.40 0.85,-5.15 -1.40,-1.40 -5.15,0.85 -10.40,1.60"/>
    </edge>
    <edge id=":J1_12" function="internal">
        <lane id=":J1_12_0" index="0" speed="6.51" length="9.03" shape="-10.40,-4.80 -7.95,-5.15 -6.20,-6.20 -5.15,-7.95 -4.80,-10.40"/>
    </edge>
    <edge id=":J1_13" function="internal">
        <lane id=":J1_13_0" index="0" speed="25.00" length="20.80" shape="-10.40,-4.80 10.40,-4.80"/>
        <lane id=":J1_13_1" index="1" speed="25.00" length="20.80" shape="-10.40,-1.60 10.40,-1.60"/>
    </edge>
    <edge id=":J1_15" function="internal">
        <lane id=":J1_15_0" index="0" speed="9.26" length="19.35" shape="-10.40,-1.60 -5.15,-0.85 -1.40,1.40 0.85,5.15 1.60,10.40"/>
    </edge>

    <edge id="-E0" from="J1" to="J0" priority="-1">
        <lane id="-E0_0" index="0" speed="25.00" length="69.60" shape="-10.40,4.80 -80.00,4.80"/>
        <lane id="-E0_1" index="1" speed="25.00" length="69.60" shape="-10.40,1.60 -80.00,1.60"/>
    </edge>
    <edge id="-E1" from="J2" to="J1" priority="-1">
        <lane id="-E1_0" index="0" speed="25.00" length="69.60" shape="80.00,4.80 10.40,4.80"/>
        <lane id="-E1_1" index="1" speed="25.00" length="69.60" shape="80.00,1.60 10.40,1.60"/>
    </edge>
    <edge id="-E2" from="J3" to="J1" priority="-1">
        <lane id="-E2_0" index="0" speed="25.00" length="69.60" shape="4.80,-80.00 4.80,-10.40"/>
        <lane id="-E2_1" index="1" speed="25.00" length="69.60" shape="1.60,-80.00 1.60,-10.40"/>
    </edge>
    <edge id="-E3" from="J4" to="J1" priority="-1">
        <lane id="-E3_0" index="0" speed="25.00" length="69.60" shape="-4.80,80.00 -4.80,10.40"/>
        <lane id="-E3_1" index="1" speed="25.00" length="69.60" shape="-1.60,80.00 -1.60,10.40"/>
    </edge>
    <edge id="E0" from="J0" to="J1" priority="-1">
        <lane id="E0_0" index="0" speed="25.00" length="69.60" shape="-80.00,-4.80 -10.40,-4.80"/>
        <lane id="E0_1" index="1" speed="25.00" length="69.60" shape="-80.00,-1.60 -10.40,-1.60"/>
    </edge>
    <edge id="E1" from="J1" to="J2" priority="-1">
        <lane id="E1_0" index="0" speed="25.00" length="69.60" shape="10.40,-4.80 80.00,-4.80"/>
        <lane id="E1_1" index="1" speed="25.00" length="69.60" shape="10.40,-1.60 80.00,-1.60"/>
    </edge>
    <edge id="E2" from="J1" to="J3" priority="-1">
        <lane id="E2_0" index="0" speed="25.00" length="69.60" shape="-4.80,-10.40 -4.80,-80.00"/>
        <lane id="E2_1" index="1" speed="25.00" length="69.60" shape="-1.60,-10.40 -1.60,-80.00"/>
    </edge>
    <edge id="E3" from="J1" to="J4" priority="-1">
        <lane id="E3_0" index="0" speed="25.00" length="69.60" shape="4.80,10.40 4.80,80.00"/>
        <lane id="E3_1" index="1" speed="25.00" length="69.60" shape="1.60,10.40 1.60,80.00"/>
    </edge>

    <junction id="J0" type="dead_end" x="-80.00" y="0.00" incLanes="-E0_0 -E0_1" intLanes="" shape="-80.00,0.00 -80.00,6.40 -80.00,0.00"/>
    <junction id="J1" type="right_before_left" x="0.00" y="0.00" incLanes="-E3_0 -E3_1 -E1_0 -E1_1 -E2_0 -E2_1 E0_0 E0_1" intLanes=":J1_0_0 :J1_1_0 :J1_1_1 :J1_3_0 :J1_4_0 :J1_5_0 :J1_5_1 :J1_7_0 :J1_8_0 :J1_9_0 :J1_9_1 :J1_11_0 :J1_12_0 :J1_13_0 :J1_13_1 :J1_15_0" shape="-6.40,10.40 6.40,10.40 6.84,8.18 7.40,7.40 8.18,6.84 9.18,6.51 10.40,6.40 10.40,-6.40 8.18,-6.84 7.40,-7.40 6.84,-8.18 6.51,-9.18 6.40,-10.40 -6.40,-10.40 -6.84,-8.18 -7.40,-7.40 -8.18,-6.84 -9.18,-6.51 -10.40,-6.40 -10.40,6.40 -8.18,6.84 -7.40,7.40 -6.84,8.18 -6.51,9.18">
        <request index="0"  response="0000000000000000" foes="0000000001100000" cont="0"/>
        <request index="1"  response="1111000000000000" foes="1111100011100000" cont="0"/>
        <request index="2"  response="1111000000000000" foes="1111100011100000" cont="0"/>
        <request index="3"  response="1110011000000000" foes="1110011011100000" cont="0"/>
        <request index="4"  response="0000000000000000" foes="0000011000000000" cont="0"/>
        <request index="5"  response="0000000000001111" foes="1000111000001111" cont="0"/>
        <request index="6"  response="0000000000001111" foes="1000111000001111" cont="0"/>
        <request index="7"  response="0110000000001110" foes="0110111000001110" cont="0"/>
        <request index="8"  response="0000000000000000" foes="0110000000000000" cont="0"/>
        <request index="9"  response="0000000011110000" foes="1110000011111000" cont="0"/>
        <request index="10" response="0000000011110000" foes="1110000011111000" cont="0"/>
        <request index="11" response="0000000011100110" foes="1110000011100110" cont="0"/>
        <request index="12" response="0000000000000000" foes="0000000000000110" cont="0"/>
        <request index="13" response="0000111100000000" foes="0000111110001110" cont="0"/>
        <request index="14" response="0000111100000000" foes="0000111110001110" cont="0"/>
        <request index="15" response="0000111001100000" foes="0000111001101110" cont="0"/>
    </junction>
    <junction id="J2" type="dead_end" x="80.00" y="0.00" incLanes="E1_0 E1_1" intLanes="" shape="80.00,0.00 80.00,-6.40 80.00,0.00"/>
    <junction id="J3" type="dead_end" x="0.00" y="-80.00" incLanes="E2_0 E2_1" intLanes="" shape="0.00,-80.00 -6.40,-80.00 0.00,-80.00"/>
    <junction id="J4" type="dead_end" x="0.00" y="80.00" incLanes="E3_0 E3_1" intLanes="" shape="0.00,80.00 6.40,80.00 0.00,80.00"/>

    <connection from="-E1" to="E3" fromLane="0" toLane="0" via=":J1_4_0" dir="r" state="M"/>
    <connection from="-E1" to="-E0" fromLane="0" toLane="0" via=":J1_5_0" dir="s" state="="/>
    <connection from="-E1" to="-E0" fromLane="1" toLane="1" via=":J1_5_1" dir="s" state="="/>
    <connection from="-E1" to="E2" fromLane="1" toLane="1" via=":J1_7_0" dir="l" state="="/>
    <connection from="-E2" to="E1" fromLane="0" toLane="0" via=":J1_8_0" dir="r" state="M"/>
    <connection from="-E2" to="E3" fromLane="0" toLane="0" via=":J1_9_0" dir="s" state="="/>
    <connection from="-E2" to="E3" fromLane="1" toLane="1" via=":J1_9_1" dir="s" state="="/>
    <connection from="-E2" to="-E0" fromLane="1" toLane="1" via=":J1_11_0" dir="l" state="="/>
    <connection from="-E3" to="-E0" fromLane="0" toLane="0" via=":J1_0_0" dir="r" state="M"/>
    <connection from="-E3" to="E2" fromLane="0" toLane="0" via=":J1_1_0" dir="s" state="="/>
    <connection from="-E3" to="E2" fromLane="1" toLane="1" via=":J1_1_1" dir="s" state="="/>
    <connection from="-E3" to="E1" fromLane="1" toLane="1" via=":J1_3_0" dir="l" state="="/>
    <connection from="E0" to="E2" fromLane="0" toLane="0" via=":J1_12_0" dir="r" state="M"/>
    <connection from="E0" to="E1" fromLane="0" toLane="0" via=":J1_13_0" dir="s" state="="/>
    <connection from="E0" to="E1" fromLane="1" toLane="1" via=":J1_13_1" dir="s" state="="/>
    <connection from="E0" to="E3" fromLane="1" toLane="1" via=":J1_15_0" dir="l" state="="/>

    <connection from=":J1_0" to="-E0" fromLane="0" toLane="0" dir="r" state="M"/>
    <connection from=":J1_1" to="E2" fromLane="0" toLane="0" dir="s" state="M"/>
    <connection from=":J1_1" to="E2" fromLane="1" toLane="1" dir="s" state="M"/>
    <connection from=":J1_3" to="E1" fromLane="0" toLane="1" dir="l" state="M"/>
    <connection from=":J1_4" to="E3" fromLane="0" toLane="0" dir="r" state="M"/>
    <connection from=":J1_5" to="-E0" fromLane="0" toLane="0" dir="s" state="M"/>
    <connection from=":J1_5" to="-E0" fromLane="1" toLane="1" dir="s" state="M"/>
    <connection from=":J1_7" to="E2" fromLane="0" toLane="1" dir="l" state="M"/>
    <connection from=":J1_8" to="E1" fromLane="0" toLane="0" dir="r" state="M"/>
    <connection from=":J1_9" to="E3" fromLane="0" toLane="0" dir="s" state="M"/>
    <connection from=":J1_9" to="E3" fromLane="1" toLane="1" dir="s" state="M"/>
    <connection from=":J1_11" to="-E0" fromLane="0" toLane="1" dir="l" state="M"/>
    <connection from=":J1_12" to="E2" fromLane="0" toLane="0" dir="r" state="M"/>
    <connection from=":J1_13" to="E1" fromLane="0" toLane="0" dir="s" state="M"/>
    <connection from=":J1_13" to="E1" fromLane="1" toLane="1" dir="s" state="M"/>
    <connection from=":J1_15" to="E3" fromLane="0" toLane="1" dir="l" state="M"/>

</net>
