<?xml version="1.0" encoding="UTF-8"?>

<!-- generated on 2025-03-17 22:30:39 by Eclipse SUMO netedit Version 1.21.0
-->

<routes xmlns:xsi="http://www.w3.org/2001/XMLSchema-instance" xsi:noNamespaceSchemaLocation="http://sumo.dlr.de/xsd/routes_file.xsd">
    <!-- VTypes -->
    <vType id="CAV" maxSpeed="20.00" maxSpeedLat="3.0" lcAccelLat="3.0" latAlignment="center"/>
    <vType id="HV" maxSpeed="20.00" carFollowModel="IDM"/>
    <!-- Vehicles, persons and containers (sorted by depart) -->
    <flow id="CAV" type="CAV" begin="0.00" departLane="0" departSpeed="10.00" arrivalLane="random" end="2.00" number="6">
        <route edges="-E2 -E0"/>
    </flow>
    <flow id="HV1" type="HV" begin="0.00" departLane="random" departSpeed="10.00" arrivalLane="random" color="white" end="2" number="6">
        <route edges="E0 E1"/>
    </flow>
    <flow id="HV2" type="HV" begin="0.00" departLane="random" departSpeed="10.00" arrivalLane="random" color="white" end="2" number="6">
        <route edges="-E1 -E0"/>
    </flow>
    <flow id="HV3" type="HV" begin="0.00" departLane="random" departSpeed="10.00" arrivalLane="random" color="white" end="2" number="6">
        <route edges="-E3 E2"/>
    </flow>
</routes>
