<?xml version="1.0" encoding="UTF-8"?>

<!-- generated on 2025-04-03 17:57:04 by Eclipse SUMO netedit Version 1.22.0
<neteditConfiguration xmlns:xsi="http://www.w3.org/2001/XMLSchema-instance" xsi:noNamespaceSchemaLocation="http://sumo.dlr.de/xsd/neteditConfiguration.xsd">

    <input>
        <sumocfg-file value="/Users/liuqi/Desktop/博士程序开发/GRL_Sim/Env_Scenario/TIntersection_HeavyV.sumocfg"/>
        <additional-files value=""/>
        <route-files value="/Users/liuqi/Desktop/博士程序开发/GRL_Sim/Env_Scenario/TIntersection_HeavyV.rou.xml"/>
        <sumo-net-file value="/Users/liuqi/Desktop/博士程序开发/GRL_Sim/Env_Scenario/TIntersection.net.xml"/>
    </input>

    <output>
        <output-file value="/Users/liuqi/Desktop/博士程序开发/GRL_Sim/Env_Scenario/TIntersection.net.xml"/>
    </output>

    <processing>
        <geometry.min-radius.fix.railways value="false"/>
        <geometry.max-grade.fix value="false"/>
        <offset.disable-normalization value="true"/>
        <lefthand value="0"/>
    </processing>

    <junctions>
        <no-turnarounds value="true"/>
        <junctions.corner-detail value="5"/>
        <junctions.limit-turn-speed value="5.50"/>
        <rectangular-lane-cut value="0"/>
    </junctions>

    <pedestrian>
        <walkingareas value="0"/>
    </pedestrian>

</neteditConfiguration>
-->

<net version="1.20" junctionCornerDetail="5" limitTurnSpeed="5.50" xmlns:xsi="http://www.w3.org/2001/XMLSchema-instance" xsi:noNamespaceSchemaLocation="http://sumo.dlr.de/xsd/net_file.xsd">

    <location netOffset="0.00,0.00" convBoundary="0.00,-60.00,200.05,3.20" origBoundary="-10000000000.00,-10000000000.00,10000000000.00,10000000000.00" projParameter="!"/>

    <edge id=":J1_0" function="internal">
        <lane id=":J1_0_0" index="0" speed="13.89" length="20.80" shape="110.40,4.80 89.60,4.80"/>
        <lane id=":J1_0_1" index="1" speed="13.89" length="20.80" shape="110.40,1.60 89.60,1.60"/>
    </edge>
    <edge id=":J1_2" function="internal">
        <lane id=":J1_2_0" index="0" speed="9.26" length="19.35" shape="110.40,1.60 105.15,0.85 101.40,-1.40 99.15,-5.15 98.40,-10.40"/>
    </edge>
    <edge id=":J1_3" function="internal">
        <lane id=":J1_3_0" index="0" speed="6.51" length="9.03" shape="104.80,-10.40 105.15,-7.95 106.20,-6.20 107.95,-5.15 110.40,-4.80"/>
    </edge>
    <edge id=":J1_4" function="internal">
        <lane id=":J1_4_0" index="0" speed="9.26" length="19.35" shape="101.60,-10.40 100.85,-5.15 98.60,-1.40 94.85,0.85 89.60,1.60"/>
    </edge>
    <edge id=":J1_5" function="internal">
        <lane id=":J1_5_0" index="0" speed="6.51" length="9.03" shape="89.60,-4.80 92.05,-5.15 93.80,-6.20 94.85,-7.95 95.20,-10.40"/>
    </edge>
    <edge id=":J1_6" function="internal">
        <lane id=":J1_6_0" index="0" speed="13.89" length="20.80" shape="89.60,-4.80 110.40,-4.80"/>
        <lane id=":J1_6_1" index="1" speed="13.89" length="20.80" shape="89.60,-1.60 110.40,-1.60"/>
    </edge>

    <edge id="-E0" from="J1" to="J0" priority="-1" spreadType="center" shape="100.05,3.20 0.00,3.20">
        <lane id="-E0_0" index="0" speed="13.89" length="89.60" shape="89.60,4.80 -0.00,4.80"/>
        <lane id="-E0_1" index="1" speed="13.89" length="89.60" shape="89.60,1.60 -0.00,1.60"/>
    </edge>
    <edge id="-E1" from="J2" to="J1" priority="-1" spreadType="center" shape="200.05,3.20 100.00,3.20">
        <lane id="-E1_0" index="0" speed="13.89" length="89.65" shape="200.05,4.80 110.40,4.80"/>
        <lane id="-E1_1" index="1" speed="13.89" length="89.65" shape="200.05,1.60 110.40,1.60"/>
    </edge>
    <edge id="-E2" from="J4" to="J1" priority="-1">
        <lane id="-E2_0" index="0" speed="13.89" length="49.60" shape="104.80,-60.00 104.80,-10.40"/>
        <lane id="-E2_1" index="1" speed="13.89" length="49.60" shape="101.60,-60.00 101.60,-10.40"/>
    </edge>
    <edge id="E0" from="J0" to="J1" priority="-1" spreadType="center" shape="0.00,-3.20 100.05,-3.20">
        <lane id="E0_0" index="0" speed="13.89" length="89.60" shape="-0.00,-4.80 89.60,-4.80"/>
        <lane id="E0_1" index="1" speed="13.89" length="89.60" shape="-0.00,-1.60 89.60,-1.60"/>
    </edge>
    <edge id="E1" from="J1" to="J2" priority="-1" spreadType="center" shape="100.00,-3.20 200.05,-3.20">
        <lane id="E1_0" index="0" speed="13.89" length="89.65" shape="110.40,-4.80 200.05,-4.80"/>
        <lane id="E1_1" index="1" speed="13.89" length="89.65" shape="110.40,-1.60 200.05,-1.60"/>
    </edge>
    <edge id="E2" from="J1" to="J4" priority="-1">
        <lane id="E2_0" index="0" speed="13.89" length="49.60" shape="95.20,-10.40 95.20,-60.00"/>
        <lane id="E2_1" index="1" speed="13.89" length="49.60" shape="98.40,-10.40 98.40,-60.00"/>
    </edge>

    <junction id="J0" type="dead_end" x="0.00" y="0.00" incLanes="-E0_0 -E0_1" intLanes="" shape="-0.00,0.00 -0.00,6.40 -0.00,-0.00"/>
    <junction id="J1" type="left_before_right" x="100.00" y="0.00" incLanes="-E1_0 -E1_1 -E2_0 -E2_1 E0_0 E0_1" intLanes=":J1_0_0 :J1_0_1 :J1_2_0 :J1_3_0 :J1_4_0 :J1_5_0 :J1_6_0 :J1_6_1" shape="110.40,6.40 110.40,-6.40 108.18,-6.84 107.40,-7.40 106.84,-8.18 106.51,-9.18 106.40,-10.40 93.60,-10.40 93.16,-8.18 92.60,-7.40 91.82,-6.84 90.82,-6.51 89.60,-6.40 89.60,6.40">
        <request index="0" response="00010000" foes="00010000" cont="0"/>
        <request index="1" response="00010000" foes="00010000" cont="0"/>
        <request index="2" response="00010000" foes="11010000" cont="0"/>
        <request index="3" response="11000000" foes="11000000" cont="0"/>
        <request index="4" response="11000000" foes="11000111" cont="0"/>
        <request index="5" response="00000000" foes="00000000" cont="0"/>
        <request index="6" response="00000100" foes="00011100" cont="0"/>
        <request index="7" response="00000100" foes="00011100" cont="0"/>
    </junction>
    <junction id="J2" type="dead_end" x="200.00" y="0.00" incLanes="E1_0 E1_1" intLanes="" shape="200.00,-0.00 200.00,-6.40 200.00,0.00"/>
    <junction id="J4" type="dead_end" x="100.00" y="-60.00" incLanes="E2_0 E2_1" intLanes="" shape="100.00,-60.00 93.60,-60.00 100.00,-60.00"/>

    <connection from="-E1" to="-E0" fromLane="0" toLane="0" via=":J1_0_0" dir="s" state="="/>
    <connection from="-E1" to="-E0" fromLane="1" toLane="1" via=":J1_0_1" dir="s" state="="/>
    <connection from="-E1" to="E2" fromLane="1" toLane="1" via=":J1_2_0" dir="l" state="="/>
    <connection from="-E2" to="E1" fromLane="0" toLane="0" via=":J1_3_0" dir="r" state="="/>
    <connection from="-E2" to="-E0" fromLane="1" toLane="1" via=":J1_4_0" dir="l" state="="/>
    <connection from="E0" to="E2" fromLane="0" toLane="0" via=":J1_5_0" dir="r" state="M"/>
    <connection from="E0" to="E1" fromLane="0" toLane="0" via=":J1_6_0" dir="s" state="="/>
    <connection from="E0" to="E1" fromLane="1" toLane="1" via=":J1_6_1" dir="s" state="="/>

    <connection from=":J1_0" to="-E0" fromLane="0" toLane="0" dir="s" state="M"/>
    <connection from=":J1_0" to="-E0" fromLane="1" toLane="1" dir="s" state="M"/>
    <connection from=":J1_2" to="E2" fromLane="0" toLane="1" dir="l" state="M"/>
    <connection from=":J1_3" to="E1" fromLane="0" toLane="0" dir="r" state="M"/>
    <connection from=":J1_4" to="-E0" fromLane="0" toLane="1" dir="l" state="M"/>
    <connection from=":J1_5" to="E2" fromLane="0" toLane="0" dir="r" state="M"/>
    <connection from=":J1_6" to="E1" fromLane="0" toLane="0" dir="s" state="M"/>
    <connection from=":J1_6" to="E1" fromLane="1" toLane="1" dir="s" state="M"/>

</net>
